1704.5549,1034.1943,10868.3887,0.0000,0.0000,-8347.7056,-9773.0955,-7313.5112,1095.2932
1704.5699,1024.4521,10856.9834,-649.4792,-760.3794,-8337.9634,-9761.6902,-7313.5112,1095.2932
1704.5850,1004.9825,10834.1885,-1285.2640,-1504.7266,-8318.4937,-9738.8953,-7313.5112,1095.2932
1704.6000,975.9615,10800.2119,-1934.7433,-2265.1060,-8289.4727,-9704.9187,-7313.5112,1095.2932
1704.6150,937.2286,10754.8652,-2582.1987,-3023.1157,-8250.7398,-9659.5720,-7313.5112,1095.2932
1704.6300,898.6495,10709.6992,-2571.9375,-3011.1025,-8212.1607,-9614.4060,-7313.5112,1095.2932
1704.6450,860.0704,10664.5332,-2571.9375,-3011.1028,-8173.5817,-9569.2400,-7313.5112,1095.2932
1704.6599,821.4914,10619.3672,-2571.9375,-3011.1025,-8135.0026,-9524.0740,-7313.5112,1095.2932
1704.6749,782.9124,10574.2012,-2571.9375,-3011.1025,-8096.4236,-9478.9080,-7313.5112,1095.2932
1704.6899,744.3333,10529.0352,-2571.9375,-3011.1023,-8057.8445,-9433.7419,-7313.5112,1095.2932
1704.7050,705.7542,10483.8691,-2571.9377,-3011.1023,-8019.2654,-9388.5759,-7313.5112,1095.2932
1704.7200,667.1752,10438.7031,-2571.9377,-3011.1023,-7980.6864,-9343.4099,-7313.5112,1095.2932
1704.7350,628.5961,10393.5371,-2571.9377,-3011.1023,-7942.1074,-9298.2439,-7313.5112,1095.2932
1704.7500,590.0170,10348.3711,-2571.9377,-3011.1023,-7903.5283,-9253.0779,-7313.5112,1095.2932
1704.7650,551.4380,10303.2051,-2571.9377,-3011.1025,-7864.9492,-9207.9119,-7313.5112,1095.2932
1704.7799,512.8589,10258.0391,-2571.9377,-3011.1023,-7826.3702,-9162.7458,-7313.5112,1095.2932
1704.7949,474.2799,10212.8730,-2571.9377,-3011.1023,-7787.7911,-9117.5798,-7313.5112,1095.2932
1704.8099,435.7008,10167.7070,-2571.9375,-3011.1023,-7749.2121,-9072.4138,-7313.5112,1095.2932
1704.8250,397.1218,10122.5410,-2571.9375,-3011.1025,-7710.6330,-9027.2478,-7313.5112,1095.2932
1704.8400,358.5427,10077.3750,-2571.9370,-3011.1025,-7672.0540,-8982.0818,-7313.5112,1095.2932
1704.8550,319.9637,10032.2090,-2571.9370,-3011.1028,-7633.4749,-8936.9158,-7313.5112,1095.2932
1704.8700,281.3846,9987.0420,-2571.9368,-3011.1028,-7594.8959,-8891.7488,-7313.5112,1095.2932
1704.8850,242.8056,9941.8760,-2571.9368,-3011.1028,-7556.3168,-8846.5828,-7313.5112,1095.2932
1704.8999,204.2265,9896.7090,-2571.9368,-3011.1030,-7517.7377,-8801.4158,-7313.5112,1095.2932
1704.9149,165.6475,9851.5420,-2571.9368,-3011.1030,-7479.1587,-8756.2488,-7313.5112,1095.2932
1704.9299,127.0684,9806.3760,-2571.9368,-3011.1030,-7440.5796,-8711.0828,-7313.5112,1095.2932
1704.9449,88.4894,9761.2090,-2571.9368,-3011.1030,-7402.0006,-8665.9158,-7313.5112,1095.2932
1704.9600,49.9103,9716.0420,-2571.9368,-3011.1030,-7363.4215,-8620.7488,-7313.5112,1095.2932
1704.9750,11.3312,9670.8760,-2571.9368,-3011.1030,-7324.8425,-8575.5828,-7313.5112,1095.2932
1704.9900,-27.2478,9625.7090,-2571.9368,-3011.1030,-7286.2634,-8530.4158,-7313.5112,1095.2932
1705.0050,-65.8269,9580.5430,-2571.9368,-3011.1030,-7247.6844,-8485.2498,-7313.5112,1095.2932
1705.0200,-104.4059,9535.3760,-2571.9368,-3011.1030,-7209.1053,-8440.0828,-7313.5112,1095.2932
1705.0349,-142.9702,9490.2266,-2568.3459,-3006.8972,-7170.5410,-8394.9333,-7313.5112,1095.2932
1705.0499,-181.5493,9445.0605,-2571.9375,-3011.1025,-7131.9620,-8349.7673,-7313.5112,1095.2932
1705.0649,-220.1283,9399.8936,-2571.9375,-3011.1025,-7093.3829,-8304.6003,-7313.5112,1095.2932
1705.0800,-258.7074,9354.7266,-2571.9375,-3011.1028,-7054.8039,-8259.4333,-7313.5112,1095.2932
1705.0950,-297.2864,9309.5605,-2571.9370,-3011.1028,-7016.2248,-8214.2673,-7313.5112,1095.2932
1705.1100,-335.8655,9264.3936,-2571.9370,-3011.1030,-6977.6458,-8169.1003,-7313.5112,1095.2932
1705.1250,-374.4445,9219.2275,-2571.9370,-3011.1028,-6939.0667,-8123.9343,-7313.5112,1095.2932
1705.1400,-413.0236,9174.0605,-2571.9370,-3011.1030,-6900.4876,-8078.7673,-7313.5112,1095.2932
1705.1549,-451.6026,9128.8936,-2571.9368,-3011.1028,-6861.9086,-8033.6003,-7313.5112,1095.2932
1705.1699,-490.1817,9083.7275,-2571.9368,-3011.1028,-6823.3295,-7988.4343,-7313.5112,1095.2932
1705.1849,-528.7607,9038.5605,-2571.9368,-3011.1030,-6784.7505,-7943.2673,-7313.5112,1095.2932
1705.2000,-567.3398,8993.3936,-2571.9368,-3011.1028,-6746.1714,-7898.1003,-7313.5112,1095.2932
1705.2150,-605.9189,8948.2275,-2571.9368,-3011.1028,-6707.5923,-7852.9343,-7313.5112,1095.2932
1705.2300,-644.4979,8903.0605,-2571.9368,-3011.1030,-6669.0133,-7807.7673,-7313.5112,1095.2932
1705.2450,-683.0770,8857.8945,-2571.9368,-3011.1028,-6630.4343,-7762.6013,-7313.5112,1095.2932
1705.2600,-721.6560,8812.7275,-2571.9370,-3011.1028,-6591.8552,-7717.4343,-7313.5112,1095.2932
1705.2749,-760.2351,8767.5605,-2571.9368,-3011.1028,-6553.2761,-7672.2673,-7313.5112,1095.2932
1705.2899,-798.8141,8722.3945,-2571.9368,-3011.1028,-6514.6971,-7627.1013,-7313.5112,1095.2932
1705.3049,-837.3932,8677.2275,-2571.9368,-3011.1028,-6476.1180,-7581.9343,-7313.5112,1095.2932
1705.3199,-875.9722,8632.0615,-2571.9368,-3011.1028,-6437.5390,-7536.7683,-7313.5112,1095.2932
1705.3350,-914.5513,8586.8945,-2571.9370,-3011.1028,-6398.9600,-7491.6013,-7313.5112,1095.2932
1705.3500,-953.1304,8541.7275,-2571.9370,-3011.1028,-6360.3809,-7446.4343,-7313.5112,1095.2932
1705.3650,-991.7094,8496.5615,-2571.9370,-3011.1028,-6321.8018,-7401.2683,-7313.5112,1095.2932
1705.3800,-1030.2885,8451.3945,-2571.9370,-3011.1028,-6283.2228,-7356.1013,-7313.5112,1095.2932
1705.3950,-1068.8676,8406.2275,-2571.9370,-3011.1028,-6244.6437,-7310.9343,-7313.5112,1095.2932
1705.4099,-1107.4244,8361.0869,-2568.3501,-3006.9033,-6206.0868,-7265.7937,-7313.5112,1095.2932
1705.4249,-1146.0035,8315.9209,-2571.9370,-3011.1028,-6167.5077,-7220.6277,-7313.5112,1095.2932
1705.4399,-1184.5826,8270.7539,-2571.9375,-3011.1028,-6128.9286,-7175.4607,-7313.5112,1095.2932
1705.4550,-1223.1616,8225.5869,-2571.9370,-3011.1028,-6090.3496,-7130.2937,-7313.5112,1095.2932
1705.4700,-1261.7407,8180.4209,-2571.9370,-3011.1028,-6051.7705,-7085.1277,-7313.5112,1095.2932
1705.4850,-1300.3198,8135.2539,-2571.9370,-3011.1028,-6013.1914,-7039.9607,-7313.5112,1095.2932
1705.5000,-1338.8988,8090.0874,-2571.9370,-3011.1028,-5974.6124,-6994.7942,-7313.5112,1095.2932
1705.5150,-1377.4779,8044.9209,-2571.9370,-3011.1028,-5936.0333,-6949.6277,-7313.5112,1095.2932
1705.5299,-1416.0569,7999.7544,-2571.9370,-3011.1025,-5897.4543,-6904.4612,-7313.5112,1095.2932
1705.5449,-1454.6360,7954.5874,-2571.9375,-3011.1025,-5858.8752,-6859.2942,-7313.5112,1095.2932
1705.5599,-1493.2151,7909.4209,-2571.9370,-3011.1025,-5820.2961,-6814.1277,-7313.5112,1095.2932
1705.5750,-1531.7941,7864.2544,-2571.9375,-3011.1025,-5781.7172,-6768.9612,-7313.5112,1095.2932
1705.5900,-1570.3732,7819.0879,-2571.9370,-3011.1025,-5743.1381,-6723.7947,-7313.5112,1095.2932
1705.6050,-1608.9523,7773.9214,-2571.9375,-3011.1025,-5704.5590,-6678.6282,-7313.5112,1095.2932
1705.6200,-1647.5313,7728.7544,-2571.9375,-3011.1025,-5665.9800,-6633.4612,-7313.5112,1095.2932
1705.6350,-1686.1104,7683.5879,-2571.9370,-3011.1025,-5627.4009,-6588.2947,-7313.5112,1095.2932
1705.6499,-1724.6893,7638.4214,-2571.9370,-3011.1025,-5588.8219,-6543.1282,-7313.5112,1095.2932
1705.6649,-1763.2684,7593.2549,-2571.9370,-3011.1025,-5550.2428,-6497.9617,-7313.5112,1095.2932
1705.6799,-1801.8475,7548.0879,-2571.9370,-3011.1025,-5511.6637,-6452.7947,-7313.5112,1095.2932
1705.6949,-1840.4265,7502.9214,-2571.9375,-3011.1025,-5473.0847,-6407.6282,-7313.5112,1095.2932
1705.7100,-1879.0056,7457.7549,-2571.9375,-3011.1025,-5434.5056,-6362.4617,-7313.5112,1095.2932
1705.7250,-1917.5846,7412.5884,-2571.9370,-3011.1025,-5395.9266,-6317.2952,-7313.5112,1095.2932
1705.7400,-1956.1637,7367.4214,-2571.9375,-3011.1025,-5357.3475,-6272.1282,-7313.5112,1095.2932
1705.7550,-1994.7428,7322.2549,-2571.9375,-3011.1025,-5318.7684,-6226.9617,-7313.5112,1095.2932
1705.7700,-2033.3218,7277.0884,-2571.9370,-3011.1025,-5280.1895,-6181.7952,-7313.5112,1095.2932
1705.7849,-2071.9009,7231.9219,-2571.9375,-3011.1025,-5241.6104,-6136.6287,-7313.5112,1095.2932
1705.7999,-2110.4604,7186.7778,-2568.3484,-3006.9009,-5203.0508,-6091.4846,-7313.5112,1095.2932
1705.8149,-2149.0393,7141.6113,-2571.9375,-3011.1025,-5164.4719,-6046.3181,-7313.5112,1095.2932
1705.8300,-2187.6184,7096.4448,-2571.9375,-3011.1025,-5125.8928,-6001.1516,-7313.5112,1095.2932
1705.8450,-2226.1975,7051.2783,-2571.9375,-3011.1028,-5087.3137,-5955.9851,-7313.5112,1095.2932
1705.8600,-2264.7764,7006.1113,-2571.9375,-3011.1025,-5048.7349,-5910.8181,-7313.5112,1095.2932
1705.8750,-2303.3555,6960.9448,-2571.9375,-3011.1025,-5010.1558,-5865.6516,-7313.5112,1095.2932
1705.8900,-2341.9346,6915.7783,-2571.9375,-3011.1025,-4971.5767,-5820.4851,-7313.5112,1095.2932
1705.9049,-2380.5137,6870.6118,-2571.9375,-3011.1023,-4932.9976,-5775.3186,-7313.5112,1095.2932
1705.9199,-2419.0928,6825.4448,-2571.9375,-3011.1023,-4894.4185,-5730.1516,-7313.5112,1095.2932
1705.9349,-2457.6716,6780.2783,-2571.9377,-3011.1023,-4855.8396,-5684.9851,-7313.5112,1095.2932
1705.9500,-2496.2507,6735.1118,-2571.9377,-3011.1023,-4817.2605,-5639.8186,-7313.5112,1095.2932
1705.9650,-2534.8301,6689.9453,-2571.9377,-3011.1025,-4778.6812,-5594.6521,-7313.5112,1095.2932
1705.9800,-2573.4089,6644.7788,-2571.9377,-3011.1025,-4740.1023,-5549.4856,-7313.5112,1095.2932
1705.9950,-2611.9880,6599.6118,-2571.9377,-3011.1023,-4701.5232,-5504.3186,-7313.5112,1095.2932
1706.0100,-2650.5325,6554.4863,-2568.3594,-3006.9136,-4662.9788,-5459.1931,-7313.5112,1095.2932
1706.0249,-2689.1116,6509.3193,-2571.9375,-3011.1025,-4624.3997,-5414.0261,-7313.5112,1095.2932
1706.0399,-2727.6909,6464.1528,-2571.9375,-3011.1025,-4585.8203,-5368.8596,-7313.5112,1095.2932
1706.0549,-2766.2700,6418.9863,-2571.9375,-3011.1025,-4547.2412,-5323.6931,-7313.5112,1095.2932
1706.0699,-2804.8494,6373.8198,-2571.9375,-3011.1025,-4508.6619,-5278.5266,-7313.5112,1095.2932
1706.0850,-2843.4285,6328.6533,-2571.9375,-3011.1023,-4470.0828,-5233.3601,-7313.5112,1095.2932
1706.1000,-2882.0078,6283.4863,-2571.9375,-3011.1023,-4431.5034,-5188.1931,-7313.5112,1095.2932
1706.1150,-2920.5869,6238.3198,-2571.9377,-3011.1023,-4392.9243,-5143.0266,-7313.5112,1095.2932
1706.1300,-2959.1660,6193.1533,-2571.9377,-3011.1023,-4354.3452,-5097.8601,-7313.5112,1095.2932
1706.1450,-2997.7454,6147.9868,-2571.9377,-3011.1025,-4315.7659,-5052.6936,-7313.5112,1095.2932
1706.1599,-3036.3245,6102.8198,-2571.9377,-3011.1025,-4277.1868,-5007.5266,-7313.5112,1095.2932
1706.1749,-3074.9038,6057.6533,-2571.9377,-3011.1023,-4238.6074,-4962.3601,-7313.5112,1095.2932
1706.1899,-3113.4829,6012.4868,-2571.9377,-3011.1023,-4200.0283,-4917.1936,-7313.5112,1095.2932
1706.2050,-3152.0623,5967.3203,-2571.9377,-3011.1023,-4161.4490,-4872.0271,-7313.5112,1095.2932
1706.2200,-3190.6414,5922.1533,-2571.9377,-3011.1018,-4122.8699,-4826.8601,-7313.5112,1095.2932
1706.2350,-3229.2205,5876.9868,-2571.9377,-3011.1018,-4084.2908,-4781.6936,-7313.5112,1095.2932
1706.2500,-3267.7998,5831.8203,-2571.9380,-3011.1023,-4045.7114,-4736.5271,-7313.5112,1095.2932
1706.2650,-3306.3789,5786.6538,-2571.9377,-3011.1018,-4007.1323,-4691.3606,-7313.5112,1095.2932
1706.2799,-3344.9583,5741.4873,-2571.9377,-3011.1023,-3968.5530,-4646.1941,-7313.5112,1095.2932
1706.2949,-3383.5374,5696.3203,-2571.9377,-3011.1018,-3929.9739,-4601.0271,-7313.5112,1095.2932
1706.3099,-3422.1167,5651.1538,-2571.9380,-3011.1018,-3891.3945,-4555.8606,-7313.5112,1095.2932
1706.3250,-3460.6958,5605.9873,-2571.9380,-3011.1023,-3852.8154,-4510.6941,-7313.5112,1095.2932
1706.3400,-3499.2749,5560.8208,-2571.9377,-3011.1023,-3814.2363,-4465.5276,-7313.5112,1095.2932
1706.3550,-3537.8542,5515.6538,-2571.9377,-3011.1023,-3775.6570,-4420.3606,-7313.5112,1095.2932
1706.3700,-3576.4333,5470.4873,-2571.9377,-3011.1023,-3737.0779,-4375.1941,-7313.5112,1095.2932
1706.3850,-3615.0127,5425.3208,-2571.9377,-3011.1023,-3698.4985,-4330.0276,-7313.5112,1095.2932
1706.3999,-3653.5918,5380.1543,-2571.9377,-3011.1025,-3659.9194,-4284.8611,-7313.5112,1095.2932
1706.4149,-3692.1709,5334.9873,-2571.9375,-3011.1025,-3621.3403,-4239.6941,-7313.5112,1095.2932
1706.4299,-3730.7502,5289.8208,-2571.9375,-3011.1025,-3582.7610,-4194.5276,-7313.5112,1095.2932
1706.4449,-3769.3293,5244.6543,-2571.9375,-3011.1025,-3544.1819,-4149.3611,-7313.5112,1095.2932
1706.4600,-3807.9087,5199.4878,-2571.9375,-3011.1025,-3505.6025,-4104.1946,-7313.5112,1095.2932
1706.4750,-3846.4878,5154.3213,-2571.9375,-3011.1028,-3467.0234,-4059.0281,-7313.5112,1095.2932
1706.4900,-3885.0671,5109.1543,-2571.9370,-3011.1028,-3428.4441,-4013.8611,-7313.5112,1095.2932
1706.5050,-3923.6460,5063.9878,-2571.9370,-3011.1028,-3389.8652,-3968.6946,-7313.5112,1095.2932
1706.5200,-3962.2249,5018.8213,-2571.9370,-3011.1028,-3351.2864,-3923.5281,-7313.5112,1095.2932
1706.5349,-4000.8037,4973.6548,-2571.9370,-3011.1028,-3312.7075,-3878.3616,-7313.5112,1095.2932
1706.5499,-4039.3826,4928.4878,-2571.9370,-3011.1028,-3274.1287,-3833.1946,-7313.5112,1095.2932
1706.5649,-4077.9617,4883.3213,-2571.9375,-3011.1028,-3235.5496,-3788.0281,-7313.5112,1095.2932
1706.5800,-4116.5410,4838.1548,-2571.9370,-3011.1025,-3196.9702,-3742.8616,-7313.5112,1095.2932
1706.5950,-4155.1201,4792.9883,-2571.9370,-3011.1025,-3158.3911,-3697.6951,-7313.5112,1095.2932
1706.6100,-4193.6987,4747.8213,-2571.9375,-3011.1028,-3119.8125,-3652.5281,-7313.5112,1095.2932
1706.6250,-4232.2783,4702.6548,-2571.9375,-3011.1025,-3081.2329,-3607.3616,-7313.5112,1095.2932
1706.6400,-4270.8574,4657.4883,-2571.9370,-3011.1025,-3042.6538,-3562.1951,-7313.5112,1095.2932
1706.6549,-4309.4360,4612.3218,-2571.9370,-3011.1025,-3004.0752,-3517.0286,-7313.5112,1095.2932
1706.6699,-4348.0151,4567.1553,-2571.9375,-3011.1025,-2965.4961,-3471.8621,-7313.5112,1095.2932
1706.6849,-4386.5942,4521.9883,-2571.9370,-3011.1025,-2926.9170,-3426.6951,-7313.5112,1095.2932
1706.7000,-4425.1733,4476.8218,-2571.9370,-3011.1025,-2888.3379,-3381.5286,-7313.5112,1095.2932
1706.7150,-4463.7524,4431.6553,-2571.9375,-3011.1025,-2849.7588,-3336.3621,-7313.5112,1095.2932
1706.7300,-4502.3315,4386.4888,-2571.9375,-3011.1025,-2811.1797,-3291.1956,-7313.5112,1095.2932
1706.7450,-4540.9106,4341.3218,-2571.9331,-3011.0977,-2772.6006,-3246.0286,-7313.5112,1095.2932
1706.7600,-4579.3950,4296.2666,-2565.4058,-3003.4563,-2734.1162,-3200.9734,-7313.5112,1095.2932
1706.7749,-4617.9741,4251.1001,-2571.9370,-3011.1028,-2695.5371,-3155.8069,-7313.5112,1095.2932
1706.7899,-4656.5532,4205.9336,-2571.9370,-3011.1025,-2656.9580,-3110.6404,-7313.5112,1095.2932
1706.8049,-4695.1323,4160.7671,-2571.9375,-3011.1025,-2618.3789,-3065.4739,-7313.5112,1095.2932
1706.8199,-4733.7114,4115.6001,-2571.9375,-3011.1025,-2579.7998,-3020.3069,-7313.5112,1095.2932
1706.8350,-4772.2905,4070.4336,-2571.9370,-3011.1025,-2541.2207,-2975.1404,-7313.5112,1095.2932
1706.8500,-4810.8696,4025.2671,-2571.9375,-3011.1025,-2502.6416,-2929.9739,-7313.5112,1095.2932
1706.8650,-4849.4487,3980.1006,-2571.9370,-3011.1025,-2464.0625,-2884.8074,-7313.5112,1095.2932
1706.8800,-4888.0278,3934.9338,-2571.9370,-3011.1025,-2425.4834,-2839.6406,-7313.5112,1095.2932
1706.8950,-4926.6069,3889.7673,-2571.9375,-3011.1025,-2386.9043,-2794.4741,-7313.5112,1095.2932
1706.9099,-4965.1860,3844.6006,-2571.9370,-3011.1025,-2348.3252,-2749.3074,-7313.5112,1095.2932
1706.9249,-5003.7651,3799.4341,-2571.9375,-3011.1025,-2309.7461,-2704.1409,-7313.5112,1095.2932
1706.9399,-5042.3442,3754.2673,-2571.9377,-3011.1025,-2271.1670,-2658.9741,-7313.5112,1095.2932
1706.9550,-5080.9238,3709.1008,-2571.9375,-3011.1023,-2232.5874,-2613.8076,-7313.5112,1095.2932
1706.9700,-5119.5029,3663.9341,-2571.9375,-3011.1025,-2194.0083,-2568.6409,-7313.5112,1095.2932
1706.9850,-5158.0815,3618.7676,-2571.9375,-3011.1025,-2155.4297,-2523.4744,-7313.5112,1095.2932
1707.0000,-5196.6606,3573.6008,-2571.9375,-3011.1023,-2116.8506,-2478.3076,-7313.5112,1095.2932
1707.0150,-5235.2397,3528.4343,-2571.9377,-3011.1023,-2078.2715,-2433.1411,-7313.5112,1095.2932
1707.0299,-5273.8184,3483.2676,-2571.9380,-3011.1025,-2039.6929,-2387.9744,-7313.5112,1095.2932
1707.0449,-5312.3975,3438.1011,-2571.9377,-3011.1023,-2001.1138,-2342.8079,-7313.5112,1095.2932
1707.0599,-5350.9761,3392.9346,-2571.9380,-3011.1023,-1962.5352,-2297.6414,-7313.5112,1095.2932
1707.0750,-5389.5552,3347.7678,-2571.9380,-3011.1016,-1923.9561,-2252.4746,-7313.5112,1095.2932
1707.0900,-5428.1338,3302.6013,-2571.9382,-3011.1016,-1885.3774,-2207.3081,-7313.5112,1095.2932
1707.1050,-5466.7129,3257.4346,-2571.9387,-3011.1016,-1846.7983,-2162.1414,-7313.5112,1095.2932
1707.1200,-5505.2920,3212.2681,-2571.9390,-3011.1016,-1808.2192,-2116.9749,-7313.5112,1095.2932
1707.1350,-5543.8706,3167.1013,-2571.9387,-3011.1013,-1769.6406,-2071.8081,-7313.5112,1095.2932
1707.1499,-5582.4497,3121.9348,-2571.9390,-3011.1011,-1731.0615,-2026.6416,-7313.5112,1095.2932
1707.1649,-5621.0283,3076.7681,-2571.9392,-3011.1006,-1692.4829,-1981.4749,-7313.5112,1095.2932
1707.1799,-5659.6074,3031.6016,-2571.9395,-3011.1006,-1653.9038,-1936.3083,-7313.5112,1095.2932
1707.1949,-5698.1865,2986.4348,-2571.9397,-3011.1006,-1615.3247,-1891.1416,-7313.5112,1095.2932
1707.2100,-5736.7651,2941.2683,-2571.9397,-3011.1001,-1576.7461,-1845.9751,-7313.5112,1095.2932
1707.2250,-5775.3442,2896.1016,-2571.9402,-3011.1001,-1538.1670,-1800.8083,-7313.5112,1095.2932
1707.2400,-5813.9229,2850.9351,-2571.9404,-3011.0999,-1499.5884,-1755.6418,-7313.5112,1095.2932
1707.2550,-5852.5020,2805.7683,-2571.9407,-3011.0994,-1461.0093,-1710.4751,-7313.5112,1095.2932
1707.2700,-5891.0811,2760.6018,-2571.9409,-3011.0994,-1422.4302,-1665.3086,-7313.5112,1095.2932
1707.2849,-5929.6597,2715.4353,-2571.9409,-3011.0991,-1383.8516,-1620.1421,-7313.5112,1095.2932
1707.2999,-5968.2388,2670.2686,-2571.9417,-3011.0991,-1345.2725,-1574.9753,-7313.5112,1095.2932
1707.3149,-6006.8174,2625.1021,-2571.9419,-3011.0989,-1306.6938,-1529.8088,-7313.5112,1095.2932
1707.3300,-6045.3965,2579.9353,-2571.9421,-3011.0986,-1268.1147,-1484.6421,-7313.5112,1095.2932
1707.3450,-6083.9756,2534.7688,-2571.9421,-3011.0984,-1229.5356,-1439.4756,-7313.5112,1095.2932
1707.3600,-6122.5542,2489.6021,-2571.9429,-3011.0984,-1190.9570,-1394.3088,-7313.5112,1095.2932
1707.3750,-6161.1333,2444.4358,-2571.9392,-3011.0928,-1152.3779,-1349.1426,-7313.5112,1095.2932
1707.3900,-6199.6172,2399.3804,-2565.4119,-3003.4509,-1113.8940,-1304.0872,-7313.5112,1095.2932
1707.4049,-6238.1968,2354.2139,-2571.9441,-3011.0972,-1075.3145,-1258.9207,-7313.5112,1095.2932
1707.4199,-6276.7754,2309.0474,-2571.9441,-3011.0967,-1036.7358,-1213.7542,-7313.5112,1095.2932
1707.4349,-6315.3545,2263.8809,-2571.9446,-3011.0964,-998.1567,-1168.5876,-7313.5112,1095.2932
1707.4500,-6353.9336,2218.7144,-2571.9448,-3011.0959,-959.5776,-1123.4211,-7313.5112,1095.2932
1707.4650,-6392.5122,2173.5481,-2571.9453,-3011.0955,-920.9990,-1078.2549,-7313.5112,1095.2932
1707.4800,-6431.0913,2128.3816,-2571.9458,-3011.0952,-882.4199,-1033.0884,-7313.5112,1095.2932
1707.4950,-6469.6699,2083.2151,-2571.9460,-3011.0950,-843.8413,-987.9219,-7313.5112,1095.2932
1707.5100,-6508.2490,2038.0486,-2571.9468,-3011.0945,-805.2622,-942.7554,-7313.5112,1095.2932
1707.5249,-6546.8281,1992.8821,-2571.9475,-3011.0940,-766.6831,-897.5889,-7313.5112,1095.2932
1707.5399,-6585.4072,1947.7157,-2571.9480,-3011.0935,-728.1040,-852.4225,-7313.5112,1095.2932
1707.5549,-6623.9868,1902.5493,-2571.9485,-3011.0933,-689.5244,-807.2561,-7313.5112,1095.2932
1707.5699,-6662.5664,1857.3828,-2571.9487,-3011.0928,-650.9448,-762.0896,-7313.5112,1095.2932
1707.5850,-6701.1460,1812.2166,-2571.9487,-3011.0928,-612.3652,-716.9233,-7313.5112,1095.2932
1707.6000,-6739.7256,1767.0503,-2571.9482,-3011.0928,-573.7856,-671.7571,-7313.5112,1095.2932
1707.6150,-6778.3052,1721.8838,-2571.9480,-3011.0935,-535.2061,-626.5906,-7313.5112,1095.2932
1707.6300,-6816.8843,1676.7173,-2571.9473,-3011.0938,-496.6270,-581.4241,-7313.5112,1095.2932
1707.6450,-6855.4639,1631.5508,-2571.9470,-3011.0940,-458.0474,-536.2576,-7313.5112,1095.2932
1707.6599,-6894.0430,1586.3844,-2571.9465,-3011.0950,-419.4683,-491.0912,-7313.5112,1095.2932
1707.6749,-6932.6216,1541.2179,-2571.9458,-3011.0952,-380.8896,-445.9247,-7313.5112,1095.2932
1707.6899,-6971.2007,1496.0514,-2571.9460,-3011.0952,-342.3105,-400.7582,-7313.5112,1095.2932
1707.7050,-7009.7798,1450.8850,-2571.9465,-3011.0947,-303.7314,-355.5918,-7313.5112,1095.2932
1707.7200,-7048.3457,1405.7336,-2568.3538,-3006.8887,-265.1655,-310.4404,-7313.5112,1095.2932
1707.7350,-7086.9248,1360.5673,-2571.9475,-3011.0938,-226.5864,-265.2740,-7313.5112,1095.2932
1707.7500,-7125.5044,1315.4009,-2571.9487,-3011.0925,-188.0068,-220.1077,-7313.5112,1095.2932
1707.7650,-7164.0840,1270.2346,-2571.9495,-3011.0925,-149.4272,-174.9414,-7313.5112,1095.2932
1707.7799,-7202.6631,1225.0682,-2571.9480,-3011.0938,-110.8481,-129.7750,-7313.5112,1095.2932
1707.7949,-7241.2427,1179.9017,-2571.9460,-3011.0950,-72.2686,-84.6085,-7313.5112,1095.2932
1707.8099,-7275.8750,1139.3557,-2308.8337,-2703.0708,-37.6362,-44.0625,-7313.5112,1095.2932
1707.8250,-7300.7095,1110.2814,-1655.5963,-1938.2886,-12.8018,-14.9882,-7313.5112,1095.2932
1707.8400,-7315.7446,1092.6781,-1002.3726,-1173.5355,2.2334,2.6151,-7313.5112,1095.2932
1707.8550,-7320.9819,1086.5465,-349.1592,-408.7736,7.4707,8.7467,-7313.5112,1095.2932
1707.8700,-7317.4521,1090.6791,235.3228,275.5165,3.9409,4.6141,-7313.5112,1095.2932
1707.8850,-7315.6167,1092.8281,122.3696,143.2746,2.1055,2.4651,-7313.5112,1095.2932
1707.8999,-7314.6621,1093.9458,63.6350,74.5052,1.1509,1.3474,-7313.5112,1095.2932
1707.9149,-7314.1660,1094.5269,33.0880,38.7397,0.6548,0.7664,-7313.5112,1095.2932
1707.9299,-7313.9077,1094.8291,17.2129,20.1460,0.3965,0.4641,-7313.5112,1095.2932
1707.9449,-7313.7739,1094.9862,8.9473,10.4742,0.2627,0.3070,-7313.5112,1095.2932
1707.9600,-7313.7036,1095.0679,4.6659,5.4469,0.1924,0.2253,-7313.5112,1095.2932
1707.9750,-7313.6675,1095.1104,2.4161,2.8334,0.1563,0.1829,-7313.5112,1095.2932
1707.9900,-7313.6489,1095.1324,1.2594,1.4735,0.1377,0.1608,-7313.5112,1095.2932
1708.0050,-7313.6387,1095.1439,0.6656,0.7664,0.1274,0.1493,-7313.5112,1095.2932
1708.0200,-7313.6338,1095.1499,0.3378,0.3990,0.1226,0.1433,-7313.5112,1095.2932
1708.0349,-7313.6309,1095.1531,0.1816,0.2076,0.1196,0.1401,-7313.5112,1095.2932
1708.0499,-7313.6294,1095.1547,0.0880,0.1058,0.1182,0.1385,-7313.5112,1095.2932
1708.0649,-7313.6289,1095.1554,0.0413,0.0549,0.1177,0.1378,-7313.5112,1095.2932
1708.0800,-7313.6284,1095.1559,0.0258,0.0314,0.1172,0.1373,-7313.5112,1095.2932
1708.0950,-7313.6284,1095.1561,0.0103,0.0157,0.1172,0.1371,-7313.5112,1095.2932
1708.1100,-7313.6284,1095.1563,0.0103,0.0078,0.1172,0.1370,-7313.5112,1095.2932
1708.1250,-7313.6284,1095.1564,0.0103,0.0039,0.1172,0.1368,-7313.5112,1095.2932
1708.1400,-7313.6284,1095.1564,0.0104,-0.0000,0.1172,0.1368,-7313.5112,1095.2932
1708.1549,-7313.6284,1095.1564,0.0104,-0.0000,0.1172,0.1368,-7313.5112,1095.2932
1708.1699,-7313.6284,1095.1564,0.0104,-0.0000,0.1172,0.1368,-7313.5112,1095.2932
1708.1849,-7313.6284,1095.1564,0.0104,-0.0000,0.1172,0.1368,-7313.5112,1095.2932
1708.2000,-7313.6284,1095.1564,0.0103,0.0000,0.1172,0.1368,-7313.5112,1095.2932
1708.2150,-7313.6284,1095.1564,0.0103,0.0000,0.1172,0.1368,-7313.5112,1095.2932
1708.2300,-7313.6284,1095.1564,0.0102,0.0001,0.1172,0.1368,-7313.5112,1095.2932
1708.2450,-7313.6284,1095.1564,0.0101,0.0002,0.1172,0.1368,-7313.5112,1095.2932
1708.2600,-7313.6284,1095.1564,0.0100,0.0002,0.1172,0.1368,-7313.5112,1095.2932
1708.2749,-7313.6284,1095.1564,0.0100,0.0003,0.1172,0.1368,-7313.5112,1095.2932
1708.2899,-7313.6284,1095.1564,0.0099,0.0004,0.1172,0.1368,-7313.5112,1095.2932
1708.3049,-7313.6284,1095.1564,0.0098,0.0005,0.1172,0.1368,-7313.5112,1095.2932
1708.3199,-7313.6284,1095.1564,0.0097,0.0006,0.1172,0.1368,-7313.5112,1095.2932
1708.3350,-7313.6284,1095.1564,0.0096,0.0006,0.1172,0.1368,-7313.5112,1095.2932
1708.3500,-7313.6284,1095.1564,0.0096,0.0007,0.1172,0.1368,-7313.5112,1095.2932
1708.3650,-7313.6284,1095.1564,0.0095,0.0007,0.1172,0.1368,-7313.5112,1095.2932
1708.3800,-7313.6284,1095.1564,0.0095,0.0007,0.1172,0.1368,-7313.5112,1095.2932
1708.3950,-7313.6284,1095.1564,0.0094,0.0008,0.1172,0.1368,-7313.5112,1095.2932
1708.4099,-7313.6284,1095.1564,0.0094,0.0008,0.1172,0.1368,-7313.5112,1095.2932
1708.4249,-7313.6284,1095.1564,0.0094,0.0008,0.1172,0.1368,-7313.5112,1095.2932
1708.4399,-7313.6284,1095.1564,0.0094,0.0008,0.1172,0.1368,-7313.5112,1095.2932
1708.4550,-7313.6284,1095.1564,0.0095,0.0008,0.1172,0.1368,-7313.5112,1095.2932
1708.4700,-7313.6284,1095.1564,0.0095,0.0007,0.1172,0.1368,-7313.5112,1095.2932
1708.4850,-7313.6284,1095.1564,0.0090,0.0001,0.1172,0.1368,-7313.5112,1095.2932
1708.5000,-7313.6284,1095.1564,0.0091,0.0001,0.1172,0.1368,-7313.5112,1095.2932
1708.5150,-7313.6284,1095.1564,0.0091,0.0000,0.1172,0.1368,-7313.5112,1095.2932
1708.5299,-7313.6284,1095.1564,0.0092,-0.0000,0.1172,0.1368,-7313.5112,1095.2932
1708.5449,-7313.6284,1095.1564,0.0092,-0.0001,0.1172,0.1368,-7313.5112,1095.2932
1708.5599,-7313.6284,1095.1564,0.0093,-0.0001,0.1172,0.1368,-7313.5112,1095.2932
1708.5750,-7313.6284,1095.1564,0.0093,-0.0002,0.1172,0.1368,-7313.5112,1095.2932
1708.5900,-7313.6284,1095.1564,0.0094,-0.0002,0.1172,0.1368,-7313.5112,1095.2932
1708.6050,-7313.6284,1095.1564,0.0094,-0.0002,0.1172,0.1368,-7313.5112,1095.2932
1708.6200,-7313.6284,1095.1564,0.0095,-0.0003,0.1172,0.1368,-7313.5112,1095.2932
1708.6350,-7313.6284,1095.1564,0.0095,-0.0003,0.1172,0.1368,-7313.5112,1095.2932
1708.6499,-7313.6284,1095.1564,0.0095,-0.0003,0.1172,0.1368,-7313.5112,1095.2932
1708.6649,-7313.6284,1095.1564,0.0096,-0.0004,0.1172,0.1368,-7313.5112,1095.2932
1708.6799,-7313.6284,1095.1564,0.0096,-0.0004,0.1172,0.1368,-7313.5112,1095.2932
1708.6949,-7313.6284,1095.1564,0.0096,-0.0004,0.1172,0.1368,-7313.5112,1095.2932
1708.7100,-7313.6284,1095.1564,0.0096,-0.0004,0.1172,0.1368,-7313.5112,1095.2932
1708.7250,-7313.6284,1095.1564,0.0096,-0.0004,0.1172,0.1368,-7313.5112,1095.2932
1708.7400,-7313.6284,1095.1564,0.0096,-0.0004,0.1172,0.1368,-7313.5112,1095.2932
1708.7550,-7313.6284,1095.1564,0.0096,-0.0004,0.1172,0.1368,-7313.5112,1095.2932
1708.7700,-7313.6284,1095.1564,0.0096,-0.0004,0.1172,0.1368,-7313.5112,1095.2932
1708.7849,-7313.6284,1095.1564,0.0096,-0.0003,0.1172,0.1368,-7313.5112,1095.2932
1708.7999,-7313.6284,1095.1564,0.0095,-0.0003,0.1172,0.1368,-7313.5112,1095.2932
1708.8149,-7313.6284,1095.1564,0.0095,-0.0003,0.1172,0.1368,-7313.5112,1095.2932
1708.8300,-7313.6284,1095.1564,0.0095,-0.0003,0.1172,0.1368,-7313.5112,1095.2932
1708.8450,-7313.6284,1095.1564,0.0095,-0.0003,0.1172,0.1368,-7313.5112,1095.2932
1708.8600,-7313.6284,1095.1564,0.0094,-0.0002,0.1172,0.1368,-7313.5112,1095.2932
1708.8750,-7313.6284,1095.1564,0.0094,-0.0002,0.1172,0.1368,-7313.5112,1095.2932
1708.8900,-7313.6284,1095.1564,0.0094,-0.0002,0.1172,0.1368,-7313.5112,1095.2932
1708.9049,-7313.6284,1095.1564,0.0093,-0.0002,0.1172,0.1368,-7313.5112,1095.2932
1708.9199,-7313.6284,1095.1564,0.0093,-0.0001,0.1172,0.1368,-7313.5112,1095.2932
1708.9349,-7313.6284,1095.1564,0.0093,-0.0001,0.1172,0.1368,-7313.5112,1095.2932
1708.9500,-7313.6284,1095.1564,0.0093,-0.0001,0.1172,0.1368,-7313.5112,1095.2932
1708.9650,-7313.6284,1095.1564,0.0093,-0.0001,0.1172,0.1368,-7313.5112,1095.2932
1708.9800,-7313.6284,1095.1564,0.0092,-0.0001,0.1172,0.1368,-7313.5112,1095.2932
1708.9950,-7313.6284,1095.1564,0.0092,-0.0001,0.1172,0.1368,-7313.5112,1095.2932
1709.0100,-7313.6284,1095.1564,0.0092,-0.0000,0.1172,0.1368,-7313.5112,1095.2932
1709.0249,-7313.6284,1095.1564,0.0092,-0.0000,0.1172,0.1368,-7313.5112,1095.2932
1709.0399,-7313.6284,1095.1564,0.0092,-0.0000,0.1172,0.1368,-7313.5112,1095.2932
1709.0549,-7313.6284,1095.1564,0.0092,-0.0000,0.1172,0.1368,-7313.5112,1095.2932
1709.0699,-7313.6284,1095.1564,0.0092,-0.0000,0.1172,0.1368,-7313.5112,1095.2932
1709.0850,-7313.6284,1095.1564,0.0092,-0.0000,0.1172,0.1368,-7313.5112,1095.2932
1709.1000,-7313.6284,1095.1564,0.0092,-0.0000,0.1172,0.1368,-7313.5112,1095.2932
1709.1150,-7313.6284,1095.1564,0.0092,-0.0000,0.1172,0.1368,-7313.5112,1095.2932
1709.1300,-7313.6284,1095.1564,0.0092,-0.0000,0.1172,0.1368,-7313.5112,1095.2932
1709.1450,-7313.6284,1095.1564,0.0092,-0.0000,0.1172,0.1368,-7313.5112,1095.2932
1709.1599,-7313.6284,1095.1564,0.0092,-0.0000,0.1172,0.1368,-7313.5112,1095.2932
1709.1749,-7313.6284,1095.1564,0.0092,-0.0000,0.1172,0.1368,-7313.5112,1095.2932
1709.1899,-7313.6284,1095.1564,0.0092,-0.0000,0.1172,0.1368,-7313.5112,1095.2932
1709.2050,-7313.6284,1095.1564,0.0092,-0.0000,0.1172,0.1368,-7313.5112,1095.2932
1709.2200,-7313.6284,1095.1564,0.0092,-0.0001,0.1172,0.1368,-7313.5112,1095.2932
1709.2350,-7313.6284,1095.1564,0.0092,-0.0001,0.1172,0.1368,-7313.5112,1095.2932
1709.2500,-7313.6284,1095.1564,0.0092,-0.0001,0.1172,0.1368,-7313.5112,1095.2932
1709.2650,-7313.6284,1095.1564,0.0092,-0.0001,0.1172,0.1368,-7313.5112,1095.2932
1709.2799,-7313.6284,1095.1564,0.0092,-0.0001,0.1172,0.1368,-7313.5112,1095.2932
1709.2949,-7313.6284,1095.1564,0.0093,-0.0001,0.1172,0.1368,-7313.5112,1095.2932
1709.3099,-7313.6284,1095.1564,0.0093,-0.0001,0.1172,0.1368,-7313.5112,1095.2932
1709.3250,-7313.6284,1095.1564,0.0093,-0.0001,0.1172,0.1368,-7313.5112,1095.2932
1709.3400,-7313.6284,1095.1564,0.0093,-0.0001,0.1172,0.1368,-7313.5112,1095.2932
1709.3550,-7313.6284,1095.1564,0.0093,-0.0001,0.1172,0.1368,-7313.5112,1095.2932
1709.3700,-7313.6284,1095.1564,0.0093,-0.0001,0.1172,0.1368,-7313.5112,1095.2932
1709.3850,-7313.6284,1095.1564,0.0093,-0.0001,0.1172,0.1368,-7313.5112,1095.2932
1709.3999,-7313.6284,1095.1564,0.0093,-0.0001,0.1172,0.1368,-7313.5112,1095.2932
1709.4149,-7313.6284,1095.1564,0.0093,-0.0001,0.1172,0.1368,-7313.5112,1095.2932
1709.4299,-7313.6284,1095.1564,0.0093,-0.0001,0.1172,0.1368,-7313.5112,1095.2932
1709.4449,-7313.6284,1095.1564,0.0093,-0.0001,0.1172,0.1368,-7313.5112,1095.2932
1709.4600,-7313.6284,1095.1564,0.0093,-0.0001,0.1172,0.1368,-7313.5112,1095.2932
1709.4750,-7313.6284,1095.1564,0.0088,-0.0007,0.1172,0.1368,-7313.5112,1095.2932
1709.4900,-7313.6284,1095.1564,0.0088,-0.0007,0.1172,0.1368,-7313.5112,1095.2932
1709.5050,-7313.6284,1095.1564,0.0088,-0.0007,0.1172,0.1368,-7313.5112,1095.2932
1709.5200,-7313.6284,1095.1564,0.0088,-0.0007,0.1172,0.1368,-7313.5112,1095.2932
1709.5349,-7313.6284,1095.1564,0.0088,-0.0007,0.1172,0.1368,-7313.5112,1095.2932
1709.5499,-7313.6284,1095.1564,0.0088,-0.0007,0.1172,0.1368,-7313.5112,1095.2932
1709.5649,-7313.6284,1095.1564,0.0088,-0.0007,0.1172,0.1368,-7313.5112,1095.2932
1709.5800,-7313.6284,1095.1564,0.0088,-0.0007,0.1172,0.1368,-7313.5112,1095.2932
1709.5950,-7313.6284,1095.1564,0.0088,-0.0007,0.1172,0.1368,-7313.5112,1095.2932
1709.6100,-7313.6284,1095.1564,0.0088,-0.0007,0.1172,0.1368,-7313.5112,1095.2932
1709.6250,-7313.6284,1095.1564,0.0088,-0.0007,0.1172,0.1368,-7313.5112,1095.2932
1709.6400,-7313.6284,1095.1564,0.0088,-0.0007,0.1172,0.1368,-7313.5112,1095.2932
1709.6549,-7313.6284,1095.1564,0.0088,-0.0007,0.1172,0.1368,-7313.5112,1095.2932
1709.6699,-7313.6284,1095.1564,0.0088,-0.0007,0.1172,0.1368,-7313.5112,1095.2932
1709.6849,-7313.6284,1095.1564,0.0088,-0.0007,0.1172,0.1368,-7313.5112,1095.2932
1709.7000,-7313.6284,1095.1564,0.0088,-0.0007,0.1172,0.1368,-7313.5112,1095.2932
1709.7150,-7313.6284,1095.1564,0.0088,-0.0007,0.1172,0.1368,-7313.5112,1095.2932
1709.7300,-7313.6284,1095.1564,0.0088,-0.0007,0.1172,0.1368,-7313.5112,1095.2932
1709.7450,-7313.6284,1095.1564,0.0088,-0.0007,0.1172,0.1368,-7313.5112,1095.2932
1709.7600,-7313.6284,1095.1564,0.0088,-0.0007,0.1172,0.1368,-7313.5112,1095.2932
1709.7749,-7313.6284,1095.1564,0.0088,-0.0007,0.1172,0.1368,-7313.5112,1095.2932
1709.7899,-7313.6284,1095.1564,0.0088,-0.0007,0.1172,0.1368,-7313.5112,1095.2932
1709.8049,-7313.6284,1095.1564,0.0088,-0.0007,0.1172,0.1368,-7313.5112,1095.2932
1709.8199,-7313.6284,1095.1564,0.0088,-0.0007,0.1172,0.1368,-7313.5112,1095.2932
1709.8350,-7313.6284,1095.1564,0.0088,-0.0007,0.1172,0.1368,-7313.5112,1095.2932
1709.8500,-7313.6284,1095.1564,0.0088,-0.0007,0.1172,0.1368,-7313.5112,1095.2932
1709.8650,-7313.6284,1095.1564,0.0088,-0.0007,0.1172,0.1368,-7313.5112,1095.2932
1709.8800,-7313.6284,1095.1564,0.0088,-0.0007,0.1172,0.1368,-7313.5112,1095.2932
1709.8950,-7313.6284,1095.1564,0.0088,-0.0007,0.1172,0.1368,-7313.5112,1095.2932
1709.9099,-7313.6284,1095.1564,0.0088,-0.0007,0.1172,0.1368,-7313.5112,1095.2932
1709.9249,-7313.6284,1095.1564,0.0088,-0.0007,0.1172,0.1368,-7313.5112,1095.2932
1709.9399,-7313.6284,1095.1564,0.0088,-0.0007,0.1172,0.1368,-7313.5112,1095.2932
1709.9550,-7313.6284,1095.1564,0.0088,-0.0007,0.1172,0.1368,-7313.5112,1095.2932
1709.9700,-7313.6284,1095.1564,0.0088,-0.0007,0.1172,0.1368,-7313.5112,1095.2932
1709.9850,-7313.6284,1095.1564,0.0088,-0.0007,0.1172,0.1368,-7313.5112,1095.2932
1710.0000,-7313.6284,1095.1564,0.0088,-0.0007,0.1172,0.1368,-7313.5112,1095.2932
1710.0150,-7313.6284,1095.1564,0.0088,-0.0007,0.1172,0.1368,-7313.5112,1095.2932
1710.0299,-7313.6284,1095.1564,0.0088,-0.0007,0.1172,0.1368,-7313.5112,1095.2932
1710.0449,-7313.6284,1095.1564,0.0088,-0.0007,0.1172,0.1368,-7313.5112,1095.2932
1710.0599,-7313.6284,1095.1564,0.0088,-0.0007,0.1172,0.1368,-7313.5112,1095.2932
1710.0750,-7313.6284,1095.1564,0.0088,-0.0007,0.1172,0.1368,-7313.5112,1095.2932
1710.0900,-7313.6284,1095.1564,0.0088,-0.0007,0.1172,0.1368,-7313.5112,1095.2932
1710.1050,-7313.6284,1095.1564,0.0088,-0.0007,0.1172,0.1368,-7313.5112,1095.2932
1710.1200,-7313.6284,1095.1564,0.0088,-0.0007,0.1172,0.1368,-7313.5112,1095.2932
1710.1350,-7313.6284,1095.1564,0.0088,-0.0007,0.1172,0.1368,-7313.5112,1095.2932
1710.1499,-7313.6284,1095.1564,0.0088,-0.0007,0.1172,0.1368,-7313.5112,1095.2932
1710.1649,-7313.6284,1095.1564,0.0088,-0.0007,0.1172,0.1368,-7313.5112,1095.2932
1710.1799,-7313.6284,1095.1564,0.0088,-0.0007,0.1172,0.1368,-7313.5112,1095.2932
1710.1949,-7313.6284,1095.1564,0.0088,-0.0007,0.1172,0.1368,-7313.5112,1095.2932
1710.2100,-7313.6284,1095.1564,0.0088,-0.0007,0.1172,0.1368,-7313.5112,1095.2932
1710.2250,-7313.6284,1095.1564,0.0088,-0.0007,0.1172,0.1368,-7313.5112,1095.2932
1710.2400,-7313.6284,1095.1564,0.0088,-0.0007,0.1172,0.1368,-7313.5112,1095.2932
1710.2550,-7313.6284,1095.1564,0.0088,-0.0007,0.1172,0.1368,-7313.5112,1095.2932
1710.2700,-7313.6284,1095.1564,0.0088,-0.0007,0.1172,0.1368,-7313.5112,1095.2932
1710.2849,-7313.6284,1095.1564,0.0088,-0.0007,0.1172,0.1368,-7313.5112,1095.2932
1710.2999,-7313.6284,1095.1564,0.0088,-0.0007,0.1172,0.1368,-7313.5112,1095.2932
1710.3149,-7313.6235,1095.1616,0.3109,0.3531,0.1123,0.1316,-7313.5112,1095.2932
1710.3300,-7313.5894,1095.2014,2.2800,2.6509,0.0781,0.0918,-7313.5112,1095.2932
1710.3450,-7313.5200,1095.2821,4.6133,5.3791,0.0088,0.0111,-7313.5112,1095.2932
1710.3600,-7313.4595,1095.3529,4.0363,4.7232,-0.0518,-0.0597,-7313.5112,1095.2932
1710.3750,-7313.4282,1095.3899,2.0927,2.4628,-0.0830,-0.0967,-7313.5112,1095.2932
1710.3900,-7313.4121,1095.4092,1.0860,1.2850,-0.0991,-0.1160,-7313.5112,1095.2932
1710.4049,-7313.4038,1095.4192,0.5641,0.6731,-0.1074,-0.1260,-7313.5112,1095.2932
1710.4199,-7313.3994,1095.4246,0.2933,0.3573,-0.1118,-0.1313,-7313.5112,1095.2932
1710.4349,-7313.3970,1095.4274,0.1474,0.1898,-0.1143,-0.1342,-7313.5112,1095.2932
1710.4500,-7313.3960,1095.4290,0.0676,0.1014,-0.1152,-0.1357,-7313.5112,1095.2932
1710.4650,-7313.4048,1095.4191,-0.5823,-0.6538,-0.1064,-0.1259,-7313.5112,1095.2932
1710.4800,-7313.4438,1095.3737,-2.6023,-3.0277,-0.0674,-0.0804,-7313.5112,1095.2932
1710.4950,-7313.5181,1095.2874,-4.9206,-5.7584,0.0068,0.0059,-7313.5112,1095.2932
1710.5100,-7313.5708,1095.2246,-3.5361,-4.1804,0.0596,0.0686,-7313.5112,1095.2932
1710.5249,-7313.5981,1095.1917,-1.8333,-2.1914,0.0869,0.1016,-7313.5112,1095.2932
1710.5399,-7313.6128,1095.1744,-0.9464,-1.1497,0.1016,0.1188,-7313.5112,1095.2932
1710.5549,-7313.6201,1095.1654,-0.4747,-0.6028,0.1089,0.1278,-7313.5112,1095.2932
1710.5699,-7313.6235,1095.1606,-0.2335,-0.3202,0.1123,0.1326,-7313.5112,1095.2932
1710.5850,-7313.6255,1095.1580,-0.1102,-0.1799,0.1143,0.1353,-7313.5112,1095.2932
1710.6000,-7313.6260,1095.1564,-0.0336,-0.1060,0.1147,0.1368,-7313.5112,1095.2932
1710.6150,-7313.6099,1095.1742,1.0769,1.1917,0.0986,0.1190,-7313.5112,1095.2932
1710.6300,-7313.5625,1095.2295,3.1811,3.6864,0.0513,0.0637,-7313.5112,1095.2932
1710.6450,-7313.4810,1095.3251,5.4263,6.3751,-0.0303,-0.0319,-7313.5112,1095.2932
1710.6599,-7313.4399,1095.3755,2.7759,3.3600,-0.0713,-0.0823,-7313.5112,1095.2932
1710.6749,-7313.4180,1095.4021,1.4313,1.7780,-0.0933,-0.1089,-7313.5112,1095.2932
1710.6899,-7313.4072,1095.4163,0.7140,0.9405,-0.1040,-0.1230,-7313.5112,1095.2932
1710.7050,-7313.4019,1095.4238,0.3494,0.5058,-0.1094,-0.1306,-7313.5112,1095.2932
1710.7200,-7313.3994,1095.4280,0.1553,0.2825,-0.1118,-0.1348,-7313.5112,1095.2932
1710.7350,-7313.3989,1095.4307,0.0466,0.1748,-0.1123,-0.1375,-7313.5112,1095.2932
1710.7500,-7313.3994,1095.4327,-0.0360,0.1423,-0.1118,-0.1395,-7313.5112,1095.2932
1710.7650,-7313.4258,1095.4039,-1.7585,-1.9249,-0.0854,-0.1107,-7313.5112,1095.2932
1710.7799,-7313.4858,1095.3341,-3.9861,-4.6499,-0.0254,-0.0409,-7313.5112,1095.2932
1710.7949,-7313.5552,1095.2498,-4.6234,-5.6277,0.0439,0.0435,-7313.5112,1095.2932
1710.8099,-7313.5898,1095.2046,-2.3030,-3.0161,0.0786,0.0886,-7313.5112,1095.2932
1710.8250,-7313.6069,1095.1802,-1.1289,-1.6245,0.0957,0.1130,-7313.5112,1095.2932
1710.8400,-7313.6147,1095.1669,-0.5264,-0.8881,0.1035,0.1263,-7313.5112,1095.2932
1710.8550,-7313.6177,1095.1593,-0.2178,-0.5084,0.1064,0.1339,-7313.5112,1095.2932
1710.8700,-7313.6182,1095.1544,-0.0500,-0.3227,0.1069,0.1388,-7313.5112,1095.2932
1710.8850,-7313.6172,1095.1508,0.0736,-0.2455,0.1060,0.1425,-7313.5112,1095.2932
1710.8999,-7313.6123,1095.1486,0.3026,-0.1489,0.1011,0.1447,-7313.5112,1095.2932
1710.9149,-7313.5801,1095.1810,2.1071,2.1666,0.0688,0.1122,-7313.5112,1095.2932
1710.9299,-7313.5166,1095.2563,4.2402,5.0220,0.0054,0.0369,-7313.5112,1095.2932
1710.9449,-7313.4561,1095.3381,4.0349,5.4523,-0.0552,-0.0449,-7313.5112,1095.2932
1710.9600,-7313.4282,1095.3840,1.8351,3.0583,-0.0830,-0.0908,-7313.5112,1095.2932
1710.9750,-7313.4170,1095.4099,0.7630,1.7291,-0.0942,-0.1167,-7313.5112,1095.2932
1710.9900,-7313.4131,1095.4252,0.2384,1.0184,-0.0981,-0.1320,-7313.5112,1095.2932
1711.0050,-7313.4141,1095.4347,-0.0501,0.6380,-0.0972,-0.1415,-7313.5112,1095.2932
1711.0200,-7313.4175,1095.4417,-0.2303,0.4615,-0.0938,-0.1484,-7313.5112,1095.2932
1711.0349,-7313.4243,1095.4478,-0.4325,0.4061,-0.0869,-0.1545,-7313.5112,1095.2932
1711.0499,-7313.4385,1095.4506,-0.9476,0.1897,-0.0728,-0.1573,-7313.5112,1095.2932
1711.0649,-7313.4771,1095.4156,-2.5637,-2.3261,-0.0342,-0.1224,-7313.5112,1095.2932
1711.0800,-7313.5420,1095.3344,-4.3055,-5.4213,0.0308,-0.0411,-7313.5112,1095.2932
1711.0950,-7313.5859,1095.2513,-2.9402,-5.5319,0.0747,0.0419,-7313.5112,1095.2932
1711.1100,-7313.5991,1095.2003,-0.8792,-3.4066,0.0879,0.0929,-7313.5112,1095.2932
1711.1250,-7313.5981,1095.1689,0.0490,-2.0879,0.0869,0.1243,-7313.5112,1095.2932
1711.1400,-7313.5913,1095.1493,0.4853,-1.3139,0.0801,0.1439,-7313.5112,1095.2932
1711.1549,-7313.5796,1095.1362,0.7462,-0.8689,0.0684,0.1570,-7313.5112,1095.2932
1711.1699,-7313.5645,1095.1270,0.9860,-0.6181,0.0532,0.1663,-7313.5112,1095.2932
1711.1849,-7313.5435,1095.1204,1.3914,-0.4394,0.0322,0.1729,-7313.5112,1095.2932
1711.2000,-7313.5103,1095.1188,2.2287,-0.1109,-0.0010,0.1744,-7313.5112,1095.2932
1711.2150,-7313.4609,1095.1528,3.2682,2.2771,-0.0503,0.1404,-7313.5112,1095.2932
1711.2300,-7313.4019,1095.2386,3.9125,5.7178,-0.1094,0.0546,-7313.5112,1095.2932
1711.2450,-7313.3945,1095.3274,0.4763,5.9158,-0.1167,-0.0342,-7313.5112,1095.2932
1711.2600,-7313.4165,1095.3903,-1.4362,4.1920,-0.0947,-0.0970,-7313.5112,1095.2932
1711.2749,-7313.4487,1095.4292,-2.1567,2.5931,-0.0625,-0.1360,-7313.5112,1095.2932
1711.2899,-7313.4834,1095.4502,-2.3275,1.4055,-0.0278,-0.1570,-7313.5112,1095.2932
1711.3049,-7313.5186,1095.4587,-2.3080,0.5667,0.0073,-0.1655,-7313.5112,1095.2932
1711.3199,-7313.5527,1095.4573,-2.2642,-0.0988,0.0415,-0.1641,-7313.5112,1095.2932
1711.3350,-7313.5869,1095.4459,-2.2814,-0.7517,0.0757,-0.1527,-7313.5112,1095.2932
1711.3500,-7313.6216,1095.4218,-2.3204,-1.6173,0.1104,-0.1285,-7313.5112,1095.2932
1711.3650,-7313.6538,1095.3777,-2.1062,-2.9312,0.1426,-0.0845,-7313.5112,1095.2932
1711.3800,-7313.6675,1095.3102,-0.9087,-4.5042,0.1563,-0.0170,-7313.5112,1095.2932
1711.3950,-7313.6465,1095.2345,1.4015,-5.0406,0.1353,0.0587,-7313.5112,1095.2932
1711.4099,-7313.5947,1095.1774,3.4280,-3.8103,0.0835,0.1158,-7313.5112,1095.2932
1711.4249,-7313.5322,1095.1495,4.1661,-1.8558,0.0210,0.1437,-7313.5112,1095.2932
1711.4399,-7313.4731,1095.1472,3.9248,-0.1559,-0.0381,0.1460,-7313.5112,1095.2932
1711.4550,-7313.4248,1095.1628,3.2519,1.0399,-0.0864,0.1304,-7313.5112,1095.2932
1711.4700,-7313.3877,1095.1902,2.4963,1.8289,-0.1235,0.1030,-7313.5112,1095.2932
1711.4850,-7313.3618,1095.2262,1.7361,2.3966,-0.1494,0.0670,-7313.5112,1095.2932
1711.5000,-7313.3477,1095.2692,0.9334,2.8660,-0.1636,0.0240,-7313.5112,1095.2932
1711.5150,-7313.3486,1095.3181,-0.0451,3.2694,-0.1626,-0.0249,-7313.5112,1095.2932
1711.5299,-7313.3682,1095.3702,-1.3339,3.4700,-0.1431,-0.0770,-7313.5112,1095.2932
1711.5449,-7313.4121,1095.4160,-2.9342,3.0556,-0.0991,-0.1228,-7313.5112,1095.2932
1711.5599,-7313.4766,1095.4419,-4.2834,1.7220,-0.0347,-0.1487,-7313.5112,1095.2932
1711.5750,-7313.5459,1095.4385,-4.6629,-0.2246,0.0347,-0.1453,-7313.5112,1095.2932
1711.5900,-7313.6060,1095.4089,-3.9885,-1.9671,0.0947,-0.1157,-7313.5112,1095.2932
1711.6050,-7313.6465,1095.3630,-2.6933,-3.0649,0.1353,-0.0698,-7313.5112,1095.2932
1711.6200,-7313.6655,1095.3104,-1.2896,-3.5068,0.1543,-0.0172,-7313.5112,1095.2932
1711.6350,-7313.6655,1095.2581,-0.0155,-3.4911,0.1543,0.0352,-7313.5112,1095.2932
1711.6499,-7313.6489,1095.2103,1.1104,-3.1798,0.1377,0.0829,-7313.5112,1095.2932
1711.6649,-7313.6172,1095.1708,2.1197,-2.6344,0.1060,0.1224,-7313.5112,1095.2932
1711.6799,-7313.5718,1095.1433,3.0189,-1.8300,0.0605,0.1499,-7313.5112,1095.2932
1711.6949,-7313.5161,1095.1332,3.7225,-0.6796,0.0049,0.1600,-7313.5112,1095.2932
1711.7100,-7313.4561,1095.1455,3.9918,0.8238,-0.0552,0.1477,-7313.5112,1095.2932
1711.7250,-7313.4033,1095.1823,3.5241,2.4469,-0.1079,0.1110,-7313.5112,1095.2932
1711.7400,-7313.3682,1095.2377,2.3050,3.6970,-0.1431,0.0555,-7313.5112,1095.2932
1711.7550,-7313.3584,1095.3008,0.6450,4.2057,-0.1528,-0.0076,-7313.5112,1095.2932
1711.7700,-7313.3730,1095.3601,-0.9487,3.9576,-0.1382,-0.0669,-7313.5112,1095.2932
1711.7849,-7313.4063,1095.4077,-2.2052,3.1758,-0.1050,-0.1145,-7313.5112,1095.2932
1711.7999,-7313.4517,1095.4391,-3.0529,2.0878,-0.0596,-0.1459,-7313.5112,1095.2932
1711.8149,-7313.5039,1095.4520,-3.5041,0.8660,-0.0073,-0.1588,-7313.5112,1095.2932
1711.8300,-7313.5581,1095.4460,-3.5892,-0.3998,0.0469,-0.1528,-7313.5112,1095.2932
1711.8450,-7313.6074,1095.4208,-3.2824,-1.6803,0.0962,-0.1276,-7313.5112,1095.2932
1711.8600,-7313.6460,1095.3779,-2.5508,-2.8603,0.1348,-0.0847,-7313.5112,1095.2932
1711.8750,-7313.6660,1095.3217,-1.3518,-3.7563,0.1548,-0.0284,-7313.5112,1095.2932
1711.8900,-7313.6636,1095.2598,0.1626,-4.1180,0.1523,0.0334,-7313.5112,1095.2932
1711.9049,-7313.6372,1095.2032,1.7504,-3.7749,0.1260,0.0900,-7313.5112,1095.2932
1711.9199,-7313.5918,1095.1613,3.0268,-2.7983,0.0806,0.1320,-7313.5112,1095.2932
1711.9349,-7313.5352,1095.1399,3.7639,-1.4195,0.0239,0.1533,-7313.5112,1095.2932
1711.9500,-7313.4771,1095.1410,3.9026,0.0688,-0.0342,0.1522,-7313.5112,1095.2932
1711.9650,-7313.4243,1095.1625,3.5341,1.4322,-0.0869,0.1307,-7313.5112,1095.2932
1711.9800,-7313.3828,1095.2009,2.7515,2.5608,-0.1284,0.0923,-7313.5112,1095.2932
1711.9950,-7313.3579,1095.2515,1.6414,3.3698,-0.1533,0.0417,-7313.5112,1095.2932
1712.0100,-7313.3530,1095.3081,0.3166,3.7787,-0.1582,-0.0149,-7313.5112,1095.2932
1712.0249,-7313.3701,1095.3638,-1.1024,3.7141,-0.1411,-0.0706,-7313.5112,1095.2932
1712.0399,-7313.4067,1095.4106,-2.4442,3.1229,-0.1045,-0.1174,-7313.5112,1095.2932
1712.0549,-7313.4590,1095.4408,-3.4962,2.0057,-0.0522,-0.1476,-7313.5112,1095.2932
1712.0699,-7313.5190,1095.4489,-4.0216,0.5423,0.0078,-0.1556,-7313.5112,1095.2932
1712.0850,-7313.5781,1095.4340,-3.9192,-0.9982,0.0669,-0.1407,-7313.5112,1095.2932
1712.1000,-7313.6260,1095.3986,-3.2119,-2.3610,0.1147,-0.1053,-7313.5112,1095.2932
1712.1150,-7313.6572,1095.3486,-2.0935,-3.3238,0.1460,-0.0554,-7313.5112,1095.2932
1712.1300,-7313.6680,1095.2916,-0.7259,-3.8001,0.1567,0.0016,-7313.5112,1095.2932
1712.1450,-7313.6577,1095.2351,0.6956,-3.7677,0.1465,0.0581,-7313.5112,1095.2932
1712.1599,-7313.6279,1095.1864,2.0139,-3.2490,0.1167,0.1068,-7313.5112,1095.2932
1712.1749,-7313.5815,1095.1517,3.0772,-2.3102,0.0703,0.1415,-7313.5112,1095.2932
1712.1899,-7313.5249,1095.1361,3.7496,-1.0399,0.0137,0.1571,-7313.5112,1095.2932
1712.2050,-7313.4663,1095.1426,3.9137,0.4274,-0.0449,0.1506,-7313.5112,1095.2932
1712.2200,-7313.4131,1095.1705,3.5148,1.8679,-0.0981,0.1227,-7313.5112,1095.2932
1712.2350,-7313.3750,1095.2164,2.5597,3.0610,-0.1362,0.0768,-7313.5112,1095.2932
1712.2500,-7313.3564,1095.2733,1.2498,3.7907,-0.1548,0.0199,-7313.5112,1095.2932
1712.2650,-7313.3599,1095.3326,-0.2399,3.9575,-0.1514,-0.0394,-7313.5112,1095.2932
1712.2799,-7313.3853,1095.3860,-1.6716,3.5528,-0.1260,-0.0928,-7313.5112,1095.2932
1712.2949,-7313.4277,1095.4260,-2.8304,2.6705,-0.0835,-0.1328,-7313.5112,1095.2932
1712.3099,-7313.4819,1095.4476,-3.5901,1.4421,-0.0293,-0.1544,-7313.5112,1095.2932
1712.3250,-7313.5396,1095.4481,-3.8595,0.0290,0.0283,-0.1549,-7313.5112,1095.2932
1712.3400,-7313.5938,1095.4272,-3.6200,-1.3855,0.0825,-0.1340,-7313.5112,1095.2932
1712.3550,-7313.6367,1095.3878,-2.8813,-2.6304,0.1255,-0.0946,-7313.5112,1095.2932
1712.3700,-7313.6626,1095.3348,-1.7278,-3.5332,0.1514,-0.0416,-7313.5112,1095.2932
1712.3850,-7313.6670,1095.2756,-0.2960,-3.9446,0.1558,0.0176,-7313.5112,1095.2932
1712.3999,-7313.6489,1095.2189,1.1948,-3.7827,0.1377,0.0743,-7313.5112,1095.2932
1712.4149,-7313.6108,1095.1729,2.5119,-3.0666,0.0996,0.1204,-7313.5112,1095.2932
1712.4299,-7313.5591,1095.1443,3.4536,-1.9079,0.0479,0.1489,-7313.5112,1095.2932
1712.4449,-7313.5010,1095.1368,3.8926,-0.4943,-0.0103,0.1564,-7313.5112,1095.2932
1712.4600,-7313.4438,1095.1512,3.7849,0.9634,-0.0674,0.1420,-7313.5112,1095.2932
1712.4750,-7313.3965,1095.1854,3.1464,2.2792,-0.1147,0.1078,-7313.5112,1095.2932
1712.4900,-7313.3652,1095.2345,2.0911,3.2716,-0.1460,0.0587,-7313.5112,1095.2932
1712.5050,-7313.3540,1095.2917,0.7569,3.8209,-0.1572,0.0015,-7313.5112,1095.2932
1712.5200,-7313.3643,1095.3496,-0.6979,3.8502,-0.1470,-0.0564,-7313.5112,1095.2932
1712.5349,-7313.3955,1095.3995,-2.0819,3.3307,-0.1157,-0.1063,-7313.5112,1095.2932
1712.5499,-7313.4429,1095.4346,-3.1760,2.3391,-0.0684,-0.1414,-7313.5112,1095.2932
1712.5649,-7313.5005,1095.4497,-3.8256,1.0046,-0.0107,-0.1565,-7313.5112,1095.2932
1712.5800,-7313.5591,1095.4424,-3.9197,-0.4851,0.0479,-0.1492,-7313.5112,1095.2932
1712.5950,-7313.6108,1095.4139,-3.4619,-1.8906,0.0996,-0.1207,-7313.5112,1095.2932
1712.6100,-7313.6489,1095.3687,-2.5163,-3.0210,0.1377,-0.0754,-7313.5112,1095.2932
1712.6250,-7313.6670,1095.3129,-1.2097,-3.7193,0.1558,-0.0197,-7313.5112,1095.2932
1712.6400,-7313.6631,1095.2545,0.2343,-3.8969,0.1519,0.0387,-7313.5112,1095.2932
1712.6549,-7313.6387,1095.2013,1.6379,-3.5434,0.1274,0.0919,-7313.5112,1095.2932
1712.6699,-7313.5957,1095.1610,2.8301,-2.6876,0.0845,0.1322,-7313.5112,1095.2932
1712.6849,-7313.5420,1095.1390,3.6238,-1.4612,0.0308,0.1542,-7313.5112,1095.2932
1712.7000,-7313.4829,1095.1387,3.9243,-0.0262,-0.0283,0.1545,-7313.5112,1095.2932
1712.7150,-7313.4282,1095.1600,3.6617,1.4273,-0.0830,0.1332,-7313.5112,1095.2932
1712.7300,-7313.3853,1095.2003,2.8887,2.6817,-0.1260,0.0929,-7313.5112,1095.2932
1712.7450,-7313.3594,1095.2538,1.7044,3.5600,-0.1519,0.0394,-7313.5112,1095.2932
1712.7600,-7313.3555,1095.3126,0.2530,3.9275,-0.1558,-0.0194,-7313.5112,1095.2932
1712.7749,-7313.3735,1095.3688,-1.2115,3.7387,-0.1377,-0.0756,-7313.5112,1095.2932
1712.7899,-7313.4111,1095.4142,-2.4983,3.0228,-0.1001,-0.1210,-7313.5112,1095.2932
1712.8049,-7313.4624,1095.4425,-3.4276,1.8902,-0.0488,-0.1493,-7313.5112,1095.2932
1712.8199,-7313.5210,1095.4501,-3.8810,0.5016,0.0098,-0.1569,-7313.5112,1095.2932
1712.8350,-7313.5781,1095.4355,-3.7863,-0.9646,0.0669,-0.1423,-7313.5112,1095.2932
1712.8500,-7313.6255,1095.4011,-3.1631,-2.2935,0.1143,-0.1079,-7313.5112,1095.2932
1712.8650,-7313.6572,1095.3517,-2.1074,-3.3007,0.1460,-0.0585,-7313.5112,1095.2932
1712.8800,-7313.6685,1095.2939,-0.7435,-3.8502,0.1572,-0.0007,-7313.5112,1095.2932
1712.8950,-7313.6577,1095.2360,0.7269,-3.8595,0.1465,0.0573,-7313.5112,1095.2932
1712.9099,-7313.6265,1095.1863,2.1017,-3.3212,0.1152,0.1069,-7313.5112,1095.2932
1712.9249,-7313.5791,1095.1514,3.1795,-2.3213,0.0679,0.1418,-7313.5112,1095.2932
1712.9399,-7313.5220,1095.1366,3.8121,-0.9883,0.0107,0.1566,-7313.5112,1095.2932
1712.9550,-7313.4634,1095.1438,3.9078,0.4796,-0.0479,0.1494,-7313.5112,1095.2932
1712.9700,-7313.4116,1095.1720,3.4527,1.8826,-0.0996,0.1212,-7313.5112,1095.2932
1712.9850,-7313.3735,1095.2173,2.5134,3.0176,-0.1377,0.0759,-7313.5112,1095.2932
1713.0000,-7313.3555,1095.2732,1.2122,3.7240,-0.1558,0.0200,-7313.5112,1095.2932
1713.0150,-7313.3594,1095.3318,-0.2348,3.9093,-0.1519,-0.0386,-7313.5112,1095.2932
1713.0299,-7313.3838,1095.3851,-1.6477,3.5539,-0.1274,-0.0919,-7313.5112,1095.2932
1713.0449,-7313.4268,1095.4254,-2.8442,2.6907,-0.0845,-0.1322,-7313.5112,1095.2932
1713.0599,-7313.4810,1095.4474,-3.6347,1.4594,-0.0303,-0.1542,-7313.5112,1095.2932
1713.0750,-7313.5400,1095.4478,-3.9229,0.0177,0.0288,-0.1545,-7313.5112,1095.2932
1713.0900,-7313.5947,1095.4263,-3.6511,-1.4338,0.0835,-0.1331,-7313.5112,1095.2932
1713.1050,-7313.6382,1095.3861,-2.8735,-2.6795,0.1270,-0.0929,-7313.5112,1095.2932
1713.1200,-7313.6631,1095.3328,-1.6740,-3.5513,0.1519,-0.0396,-7313.5112,1095.2932
1713.1350,-7313.6670,1095.2740,-0.2581,-3.9216,0.1558,0.0192,-7313.5112,1095.2932
1713.1499,-7313.6489,1095.2179,1.2037,-3.7398,0.1377,0.0753,-7313.5112,1095.2932
1713.1649,-7313.6113,1095.1725,2.4942,-3.0292,0.1001,0.1207,-7313.5112,1095.2932
1713.1799,-7313.5601,1095.1440,3.4299,-1.8979,0.0488,0.1492,-7313.5112,1095.2932
1713.1949,-7313.5015,1095.1365,3.8867,-0.5030,-0.0098,0.1567,-7313.5112,1095.2932
1713.2100,-7313.4443,1095.1510,3.7920,0.9664,-0.0669,0.1422,-7313.5112,1095.2932
1713.2250,-7313.3970,1095.1854,3.1662,2.2968,-0.1143,0.1078,-7313.5112,1095.2932
1713.2400,-7313.3652,1095.2350,2.1075,3.3029,-0.1460,0.0582,-7313.5112,1095.2932
1713.2550,-7313.3540,1095.2927,0.7411,3.8487,-0.1572,0.0005,-7313.5112,1095.2932
1713.2700,-7313.3647,1095.3506,-0.7296,3.8547,-0.1465,-0.0574,-7313.5112,1095.2932
1713.2849,-7313.3960,1095.4004,-2.1012,3.3171,-0.1152,-0.1072,-7313.5112,1095.2932
1713.2999,-7313.4434,1095.4351,-3.1782,2.3134,-0.0679,-0.1418,-7313.5112,1095.2932
1713.3149,-7313.5005,1095.4498,-3.8108,0.9887,-0.0107,-0.1566,-7313.5112,1095.2932
1713.3300,-7313.5591,1095.4427,-3.9080,-0.4798,0.0479,-0.1495,-7313.5112,1095.2932
1713.3450,-7313.6108,1095.4144,-3.4524,-1.8859,0.0996,-0.1212,-7313.5112,1095.2932
1713.3600,-7313.6489,1095.3691,-2.5139,-3.0207,0.1377,-0.0759,-7313.5112,1095.2932
1713.3750,-7313.6670,1095.3132,-1.2113,-3.7279,0.1558,-0.0200,-7313.5112,1095.2932
1713.3900,-7313.6631,1095.2545,0.2370,-3.9125,0.1519,0.0387,-7313.5112,1095.2932
1713.4049,-7313.6387,1095.2012,1.6518,-3.5528,0.1274,0.0920,-7313.5112,1095.2932
1713.4199,-7313.5957,1095.1609,2.8471,-2.6874,0.0845,0.1323,-7313.5112,1095.2932
1713.4349,-7313.5410,1095.1390,3.6352,-1.4554,0.0298,0.1542,-7313.5112,1095.2932
1713.4500,-7313.4824,1095.1388,3.9166,-0.0122,-0.0288,0.1544,-7313.5112,1095.2932
1713.4650,-7313.4277,1095.1603,3.6522,1.4313,-0.0835,0.1329,-7313.5112,1095.2932
1713.4800,-7313.3843,1095.2004,2.8738,2.6765,-0.1270,0.0928,-7313.5112,1095.2932
1713.4950,-7313.3594,1095.2538,1.6739,3.5486,-0.1519,0.0394,-7313.5112,1095.2932
1713.5100,-7313.3555,1095.3125,0.2571,3.9195,-0.1558,-0.0193,-7313.5112,1095.2932
1713.5249,-7313.3735,1095.3687,-1.2058,3.7377,-0.1377,-0.0754,-7313.5112,1095.2932
1713.5399,-7313.4111,1095.4141,-2.4972,3.0264,-0.1001,-0.1208,-7313.5112,1095.2932
1713.5549,-7313.4624,1095.4424,-3.4329,1.8939,-0.0488,-0.1492,-7313.5112,1095.2932
1713.5699,-7313.5210,1095.4500,-3.8900,0.5015,0.0098,-0.1567,-7313.5112,1095.2932
1713.5850,-7313.5781,1095.4354,-3.7947,-0.9692,0.0669,-0.1422,-7313.5112,1095.2932
1713.6000,-7313.6255,1095.4009,-3.1676,-2.3002,0.1143,-0.1077,-7313.5112,1095.2932
1713.6150,-7313.6572,1095.3513,-2.1077,-3.3053,0.1460,-0.0581,-7313.5112,1095.2932
1713.6300,-7313.6680,1095.2936,-0.7392,-3.8500,0.1567,-0.0004,-7313.5112,1095.2932
1713.6450,-7313.6572,1095.2357,0.7214,-3.8591,0.1460,0.0575,-7313.5112,1095.2932
1713.6599,-7313.6260,1095.1859,2.0964,-3.3186,0.1147,0.1073,-7313.5112,1095.2932
1713.6749,-7313.5786,1095.1512,3.1738,-2.3105,0.0674,0.1420,-7313.5112,1095.2932
1713.6899,-7313.5215,1095.1365,3.8041,-0.9822,0.0103,0.1567,-7313.5112,1095.2932
1713.7050,-7313.4634,1095.1438,3.8975,0.4877,-0.0479,0.1494,-7313.5112,1095.2932
1713.7200,-7313.4116,1095.1720,3.4533,1.8835,-0.0996,0.1212,-7313.5112,1095.2932
1713.7350,-7313.3735,1095.2174,2.5141,3.0219,-0.1377,0.0758,-7313.5112,1095.2932
1713.7500,-7313.3555,1095.2733,1.2097,3.7311,-0.1558,0.0199,-7313.5112,1095.2932
1713.7650,-7313.3594,1095.3320,-0.2427,3.9169,-0.1519,-0.0388,-7313.5112,1095.2932
1713.7799,-7313.3838,1095.3854,-1.6610,3.5550,-0.1274,-0.0922,-7313.5112,1095.2932
1713.7949,-7313.4268,1095.4257,-2.8571,2.6857,-0.0845,-0.1324,-7313.5112,1095.2932
1713.8099,-7313.4810,1095.4473,-3.6487,1.4436,-0.0303,-0.1541,-7313.5112,1095.2932
1713.8250,-7313.5400,1095.4473,-3.9368,0.0067,0.0288,-0.1541,-7313.5112,1095.2932
1713.8400,-7313.5947,1095.4257,-3.6641,-1.4446,0.0835,-0.1324,-7313.5112,1095.2932
1713.8550,-7313.6382,1095.3853,-2.8772,-2.6939,0.1270,-0.0920,-7313.5112,1095.2932
1713.8700,-7313.6631,1095.3318,-1.6645,-3.5609,0.1519,-0.0386,-7313.5112,1095.2932
1713.8850,-7313.6670,1095.2731,-0.2371,-3.9182,0.1558,0.0201,-7313.5112,1095.2932
1713.8999,-7313.6479,1095.2173,1.2259,-3.7202,0.1367,0.0759,-7313.5112,1095.2932
1713.9149,-7313.6108,1095.1720,2.4947,-3.0148,0.0996,0.1212,-7313.5112,1095.2932
1713.9299,-7313.5591,1095.1439,3.4284,-1.8761,0.0479,0.1493,-7313.5112,1095.2932
1713.9449,-7313.5010,1095.1366,3.8750,-0.4842,-0.0103,0.1566,-7313.5112,1095.2932
1713.9600,-7313.4443,1095.1512,3.7839,0.9783,-0.0669,0.1420,-7313.5112,1095.2932
1713.9750,-7313.3970,1095.1858,3.1665,2.3042,-0.1143,0.1074,-7313.5112,1095.2932
1713.9900,-7313.3657,1095.2355,2.1024,3.3134,-0.1455,0.0577,-7313.5112,1095.2932
1714.0050,-7313.3550,1095.2933,0.7402,3.8615,-0.1563,-0.0001,-7313.5112,1095.2932
1714.0200,-7313.3657,1095.3513,-0.7334,3.8657,-0.1455,-0.0581,-7313.5112,1095.2932
1714.0349,-7313.3975,1095.4010,-2.1161,3.3103,-0.1138,-0.1078,-7313.5112,1095.2932
1714.0499,-7313.4458,1095.4354,-3.1852,2.2927,-0.0654,-0.1422,-7313.5112,1095.2932
1714.0649,-7313.5029,1095.4497,-3.7966,0.9518,-0.0083,-0.1565,-7313.5112,1095.2932
1714.0800,-7313.5610,1095.4420,-3.8715,-0.5089,0.0498,-0.1488,-7313.5112,1095.2932
1714.0950,-7313.6123,1095.4136,-3.4074,-1.8926,0.1011,-0.1204,-7313.5112,1095.2932
1714.1100,-7313.6494,1095.3685,-2.4696,-3.0102,0.1382,-0.0753,-7313.5112,1095.2932
1714.1250,-7313.6675,1095.3127,-1.1948,-3.7125,0.1563,-0.0195,-7313.5112,1095.2932
1714.1400,-7313.6636,1095.2543,0.2554,-3.9009,0.1523,0.0389,-7313.5112,1095.2932
1714.1549,-7313.6387,1095.2010,1.6748,-3.5499,0.1274,0.0922,-7313.5112,1095.2932
1714.1699,-7313.5952,1095.1606,2.8755,-2.6896,0.0840,0.1326,-7313.5112,1095.2932
1714.1849,-7313.5400,1095.1390,3.6689,-1.4393,0.0288,0.1542,-7313.5112,1095.2932
1714.2000,-7313.4810,1095.1394,3.9394,0.0207,-0.0303,0.1538,-7313.5112,1095.2932
1714.2150,-7313.4268,1095.1615,3.6492,1.4698,-0.0845,0.1317,-7313.5112,1095.2932
1714.2300,-7313.3838,1095.2019,2.8597,2.6992,-0.1274,0.0913,-7313.5112,1095.2932
1714.2450,-7313.3594,1095.2552,1.6530,3.5521,-0.1519,0.0380,-7313.5112,1095.2932
1714.2600,-7313.3555,1095.3138,0.2395,3.9062,-0.1558,-0.0206,-7313.5112,1095.2932
1714.2749,-7313.3740,1095.3695,-1.2233,3.7098,-0.1372,-0.0763,-7313.5112,1095.2932
1714.2899,-7313.4116,1095.4146,-2.5003,3.0056,-0.0996,-0.1213,-7313.5112,1095.2932
1714.3049,-7313.4634,1095.4426,-3.4358,1.8775,-0.0479,-0.1494,-7313.5112,1095.2932
1714.3199,-7313.5215,1095.4498,-3.8909,0.4794,0.0103,-0.1566,-7313.5112,1095.2932
1714.3350,-7313.5786,1095.4351,-3.8028,-0.9895,0.0674,-0.1418,-7313.5112,1095.2932
1714.3500,-7313.6260,1095.4001,-3.1680,-2.3266,0.1147,-0.1069,-7313.5112,1095.2932
1714.3650,-7313.6572,1095.3501,-2.0930,-3.3314,0.1460,-0.0569,-7313.5112,1095.2932
1714.3800,-7313.6680,1095.2922,-0.7186,-3.8661,0.1567,0.0010,-7313.5112,1095.2932
1714.3950,-7313.6567,1095.2344,0.7567,-3.8551,0.1455,0.0588,-7313.5112,1095.2932
1714.4099,-7313.6250,1095.1848,2.1237,-3.2969,0.1138,0.1084,-7313.5112,1095.2932
1714.4249,-7313.5767,1095.1508,3.1860,-2.2790,0.0654,0.1425,-7313.5112,1095.2932
1714.4399,-7313.5195,1095.1365,3.7960,-0.9500,0.0083,0.1567,-7313.5112,1095.2932
1714.4550,-7313.4614,1095.1443,3.8750,0.5195,-0.0498,0.1489,-7313.5112,1095.2932
1714.4700,-7313.4102,1095.1729,3.4146,1.9092,-0.1011,0.1204,-7313.5112,1095.2932
1714.4850,-7313.3730,1095.2184,2.4731,3.0346,-0.1382,0.0748,-7313.5112,1095.2932
1714.5000,-7313.3550,1095.2744,1.1855,3.7361,-0.1563,0.0188,-7313.5112,1095.2932
1714.5150,-7313.3594,1095.3331,-0.2799,3.9127,-0.1519,-0.0399,-7313.5112,1095.2932
1714.5299,-7313.3843,1095.3862,-1.6975,3.5440,-0.1270,-0.0930,-7313.5112,1095.2932
1714.5449,-7313.4277,1095.4263,-2.8903,2.6687,-0.0835,-0.1331,-7313.5112,1095.2932
1714.5599,-7313.4829,1095.4476,-3.6691,1.4209,-0.0283,-0.1544,-7313.5112,1095.2932
1714.5750,-7313.5420,1095.4471,-3.9308,-0.0328,0.0308,-0.1539,-7313.5112,1095.2932
1714.5900,-7313.5967,1095.4249,-3.6368,-1.4780,0.0854,-0.1317,-7313.5112,1095.2932
1714.6050,-7313.6392,1095.3843,-2.8314,-2.7099,0.1279,-0.0911,-7313.5112,1095.2932
1714.6200,-7313.6636,1095.3309,-1.6359,-3.5576,0.1523,-0.0377,-7313.5112,1095.2932
1714.6350,-7313.6670,1095.2723,-0.2183,-3.9091,0.1558,0.0209,-7313.5112,1095.2932
1714.6499,-7313.6479,1095.2166,1.2370,-3.7138,0.1367,0.0767,-7313.5112,1095.2932
1714.6649,-7313.6104,1095.1715,2.5129,-3.0036,0.0991,0.1217,-7313.5112,1095.2932
1714.6799,-7313.5586,1095.1436,3.4471,-1.8645,0.0474,0.1497,-7313.5112,1095.2932
1714.6949,-7313.5005,1095.1367,3.8944,-0.4630,-0.0107,0.1565,-7313.5112,1095.2932
1714.7100,-7313.4434,1095.1517,3.8007,0.9996,-0.0679,0.1415,-7313.5112,1095.2932
1714.7250,-7313.3960,1095.1866,3.1598,2.3330,-0.1152,0.1066,-7313.5112,1095.2932
1714.7400,-7313.3647,1095.2367,2.0776,3.3347,-0.1465,0.0565,-7313.5112,1095.2932
1714.7550,-7313.3545,1095.2947,0.6995,3.8636,-0.1567,-0.0015,-7313.5112,1095.2932
1714.7700,-7313.3657,1095.3524,-0.7669,3.8506,-0.1455,-0.0592,-7313.5112,1095.2932
1714.7849,-7313.3975,1095.4017,-2.1345,3.2904,-0.1138,-0.1085,-7313.5112,1095.2932
1714.7999,-7313.4458,1095.4359,-3.1952,2.2758,-0.0654,-0.1427,-7313.5112,1095.2932
1714.8149,-7313.5029,1095.4501,-3.8043,0.9397,-0.0083,-0.1569,-7313.5112,1095.2932
1714.8300,-7313.5610,1095.4420,-3.8825,-0.5294,0.0498,-0.1488,-7313.5112,1095.2932
1714.8450,-7313.6123,1095.4133,-3.4217,-1.9177,0.1011,-0.1201,-7313.5112,1095.2932
1714.8600,-7313.6494,1095.3677,-2.4755,-3.0437,0.1382,-0.0745,-7313.5112,1095.2932
1714.8750,-7313.6670,1095.3115,-1.1813,-3.7420,0.1558,-0.0183,-7313.5112,1095.2932
1714.8900,-7313.6626,1095.2528,0.2775,-3.9157,0.1514,0.0404,-7313.5112,1095.2932
1714.9049,-7313.6372,1095.1997,1.6985,-3.5392,0.1260,0.0935,-7313.5112,1095.2932
1714.9199,-7313.5942,1095.1599,2.8849,-2.6583,0.0830,0.1333,-7313.5112,1095.2932
1714.9349,-7313.5396,1095.1387,3.6628,-1.4115,0.0283,0.1545,-7313.5112,1095.2932
1714.9500,-7313.4805,1095.1392,3.9270,0.0344,-0.0308,0.1541,-7313.5112,1095.2932
1714.9650,-7313.4258,1095.1615,3.6352,1.4797,-0.0854,0.1317,-7313.5112,1095.2932
1714.9800,-7313.3833,1095.2021,2.8328,2.7150,-0.1279,0.0911,-7313.5112,1095.2932
1714.9950,-7313.3584,1095.2557,1.6346,3.5685,-0.1528,0.0375,-7313.5112,1095.2932
1715.0100,-7313.3555,1095.3145,0.1954,3.9149,-0.1558,-0.0212,-7313.5112,1095.2932
1715.0249,-7313.3740,1095.3701,-1.2541,3.7166,-0.1372,-0.0769,-7313.5112,1095.2932
1715.0399,-7313.4121,1095.4152,-2.5337,2.9975,-0.0991,-0.1219,-7313.5112,1095.2932
1715.0549,-7313.4639,1095.4430,-3.4576,1.8562,-0.0474,-0.1498,-7313.5112,1095.2932
1715.0699,-7313.5220,1095.4498,-3.9003,0.4564,0.0107,-0.1566,-7313.5112,1095.2932
1715.0850,-7313.5791,1095.4347,-3.8023,-1.0051,0.0679,-0.1415,-7313.5112,1095.2932
1715.1000,-7313.6265,1095.3997,-3.1605,-2.3346,0.1152,-0.1064,-7313.5112,1095.2932
1715.1150,-7313.6577,1095.3497,-2.0777,-3.3340,0.1465,-0.0565,-7313.5112,1095.2932
1715.1300,-7313.6680,1095.2917,-0.6998,-3.8628,0.1567,0.0015,-7313.5112,1095.2932
1715.1450,-7313.6567,1095.2340,0.7658,-3.8495,0.1455,0.0592,-7313.5112,1095.2932
1715.1599,-7313.6250,1095.1847,2.1332,-3.2898,0.1138,0.1085,-7313.5112,1095.2932
1715.1749,-7313.5767,1095.1505,3.1944,-2.2757,0.0654,0.1427,-7313.5112,1095.2932
1715.1899,-7313.5195,1095.1364,3.8043,-0.9396,0.0083,0.1569,-7313.5112,1095.2932
1715.2050,-7313.4614,1095.1443,3.8830,0.5299,-0.0498,0.1489,-7313.5112,1095.2932
1715.2200,-7313.4102,1095.1732,3.4210,1.9204,-0.1011,0.1200,-7313.5112,1095.2932
1715.2350,-7313.3730,1095.2189,2.4761,3.0440,-0.1382,0.0743,-7313.5112,1095.2932
1715.2500,-7313.3555,1095.2750,1.1802,3.7424,-0.1558,0.0182,-7313.5112,1095.2932
1715.2650,-7313.3599,1095.3337,-0.2794,3.9145,-0.1514,-0.0405,-7313.5112,1095.2932
1715.2799,-7313.3853,1095.3867,-1.7000,3.5363,-0.1260,-0.0935,-7313.5112,1095.2932
1715.2949,-7313.4282,1095.4266,-2.8843,2.6582,-0.0830,-0.1334,-7313.5112,1095.2932
1715.3099,-7313.4829,1095.4478,-3.6618,1.4078,-0.0283,-0.1545,-7313.5112,1095.2932
1715.3250,-7313.5420,1095.4471,-3.9269,-0.0343,0.0308,-0.1539,-7313.5112,1095.2932
1715.3400,-7313.5967,1095.4250,-3.6369,-1.4781,0.0854,-0.1318,-7313.5112,1095.2932
1715.3550,-7313.6392,1095.3843,-2.8323,-2.7172,0.1279,-0.0911,-7313.5112,1095.2932
1715.3700,-7313.6636,1095.3307,-1.6345,-3.5698,0.1523,-0.0375,-7313.5112,1095.2932
1715.3850,-7313.6670,1095.2719,-0.2080,-3.9206,0.1558,0.0214,-7313.5112,1095.2932
1715.3999,-7313.6479,1095.2162,1.2567,-3.7149,0.1367,0.0770,-7313.5112,1095.2932
1715.4149,-7313.6104,1095.1713,2.5304,-2.9978,0.0991,0.1219,-7313.5112,1095.2932
1715.4299,-7313.5586,1095.1433,3.4575,-1.8562,0.0474,0.1499,-7313.5112,1095.2932
1715.4449,-7313.5005,1095.1365,3.8980,-0.4535,-0.0107,0.1567,-7313.5112,1095.2932
1715.4600,-7313.4434,1095.1516,3.8003,1.0069,-0.0679,0.1416,-7313.5112,1095.2932
1715.4750,-7313.3960,1095.1866,3.1597,2.3365,-0.1152,0.1066,-7313.5112,1095.2932
1715.4900,-7313.3647,1095.2368,2.0777,3.3370,-0.1465,0.0564,-7313.5112,1095.2932
1715.5050,-7313.3545,1095.2947,0.6975,3.8649,-0.1567,-0.0015,-7313.5112,1095.2932
1715.5200,-7313.3657,1095.3525,-0.7685,3.8524,-0.1455,-0.0593,-7313.5112,1095.2932
1715.5349,-7313.3975,1095.4019,-2.1373,3.2879,-0.1138,-0.1086,-7313.5112,1095.2932
1715.5499,-7313.4458,1095.4360,-3.1968,2.2720,-0.0654,-0.1428,-7313.5112,1095.2932
1715.5649,-7313.5029,1095.4501,-3.8042,0.9358,-0.0083,-0.1569,-7313.5112,1095.2932
1715.5800,-7313.5610,1095.4420,-3.8828,-0.5297,0.0498,-0.1488,-7313.5112,1095.2932
1715.5950,-7313.6123,1095.4133,-3.4218,-1.9181,0.1011,-0.1201,-7313.5112,1095.2932
1715.6100,-7313.6494,1095.3677,-2.4756,-3.0442,0.1382,-0.0745,-7313.5112,1095.2932
1715.6250,-7313.6670,1095.3115,-1.1811,-3.7427,0.1558,-0.0183,-7313.5112,1095.2932
1715.6400,-7313.6626,1095.2528,0.2779,-3.9163,0.1514,0.0404,-7313.5112,1095.2932
1715.6549,-7313.6372,1095.1997,1.6991,-3.5396,0.1260,0.0935,-7313.5112,1095.2932
1715.6699,-7313.5942,1095.1598,2.8855,-2.6585,0.0830,0.1334,-7313.5112,1095.2932
1715.6849,-7313.5396,1095.1387,3.6630,-1.4075,0.0283,0.1545,-7313.5112,1095.2932
1715.7000,-7313.4805,1095.1392,3.9274,0.0346,-0.0308,0.1541,-7313.5112,1095.2932
1715.7150,-7313.4258,1095.1615,3.6354,1.4799,-0.0854,0.1317,-7313.5112,1095.2932
1715.7300,-7313.3833,1095.2021,2.8328,2.7151,-0.1279,0.0911,-7313.5112,1095.2932
1715.7450,-7313.3584,1095.2557,1.6346,3.5685,-0.1528,0.0375,-7313.5112,1095.2932
1715.7600,-7313.3555,1095.3145,0.1954,3.9149,-0.1558,-0.0212,-7313.5112,1095.2932
1715.7749,-7313.3740,1095.3701,-1.2540,3.7166,-0.1372,-0.0769,-7313.5112,1095.2932
1715.7899,-7313.4121,1095.4152,-2.5336,2.9975,-0.0991,-0.1219,-7313.5112,1095.2932
1715.8049,-7313.4639,1095.4430,-3.4576,1.8562,-0.0474,-0.1498,-7313.5112,1095.2932
1715.8199,-7313.5220,1095.4498,-3.9003,0.4564,0.0107,-0.1566,-7313.5112,1095.2932
1715.8350,-7313.5791,1095.4347,-3.8023,-1.0052,0.0679,-0.1415,-7313.5112,1095.2932
1715.8500,-7313.6265,1095.3997,-3.1605,-2.3347,0.1152,-0.1064,-7313.5112,1095.2932
1715.8650,-7313.6577,1095.3497,-2.0777,-3.3340,0.1465,-0.0565,-7313.5112,1095.2932
1715.8800,-7313.6680,1095.2917,-0.6998,-3.8629,0.1567,0.0015,-7313.5112,1095.2932
1715.8950,-7313.6567,1095.2340,0.7658,-3.8495,0.1455,0.0592,-7313.5112,1095.2932
1715.9099,-7313.6250,1095.1847,2.1332,-3.2898,0.1138,0.1085,-7313.5112,1095.2932
1715.9249,-7313.5767,1095.1505,3.1944,-2.2757,0.0654,0.1427,-7313.5112,1095.2932
